,gamma,time,iterations,reward,avg_steps,success_rate,method
0,0.1,1.3120901584625244,100000,0.08252440039594645,32.168539325842694,0.356,q_learning
1,0.3,1.2077641487121582,100000,0.06857707232236099,25.38645418326693,0.251,q_learning
2,0.6,1.2499310970306396,100000,0.1281563837523435,20.804347826086957,0.22999999999999998,q_learning
3,0.9,1.256871223449707,100000,0.1253608738735032,24.59915611814346,0.237,q_learning
4,1.0,1.2331829071044922,100000,0.03241426686118495,19.08235294117647,0.08499999999999996,q_learning
